{
    "model_name": "Logistic Regression",
    "roc_auc": 0.8417990648169676,
    "precision": 0.5051724137931034,
    "recall": 0.7834224598930482,
    "f1_score": 0.6142557651991615
}