{
    "model_name": "Decision Tree",
    "roc_auc": 0.8302087369862304,
    "precision": 0.4991735537190083,
    "recall": 0.8074866310160428,
    "f1_score": 0.616956077630235
}