{
    "model_name": "Random Forest",
    "roc_auc": 0.8452892092278281,
    "precision": 0.5349264705882353,
    "recall": 0.7780748663101604,
    "f1_score": 0.6339869281045751
}