{
    "model_name": "Random Forest (Tuned)",
    "roc_auc": 0.8400359089617401,
    "precision": 0.5033222591362126,
    "recall": 0.8101604278074866,
    "f1_score": 0.6209016393442623
}