{
    "model_name": "XGBoost",
    "roc_auc": 0.8442816915962696,
    "precision": 0.5236427320490368,
    "recall": 0.7994652406417112,
    "f1_score": 0.6328042328042328
}